,Name,Gender,National_Count,National_Rank,City_Count,City_Rank,State_Count,State_Rank
0,Emma,F,20936,1.0,491,43,1211,7.0
1,Olivia,F,19807,2.0,537,26,1255,5.0
2,Sophia,F,18609,4.0,578,28,1274,3.0
3,Isabella,F,17089,7.0,553,33,1164,8.0
4,Ava,F,15696,11.0,338,51,928,18.0
5,Mia,F,13512,19.0,522,26,990,16.0
6,Emily,F,12647,23.0,442,35,881,25.0
7,Abigail,F,12085,28.0,300,56,727,30.0
8,Madison,F,10320,39.0,316,76,726,31.0
9,Charlotte,F,10115,40.0,206,123,628,39.0
10,Harper,F,9608,42.0,41,55,332,106.0
11,Sofia,F,9597,43.0,340,91,631,38.0
12,Avery,F,9568,44.0,136,148,490,58.0
13,Elizabeth,F,9564,45.0,186,121,440,69.0
14,Amelia,F,8795,55.0,188,110,530,51.0
15,Evelyn,F,8747,56.5,122,111,383,87.0
16,Ella,F,8553,58.0,182,131,562,46.0
17,Chloe,F,8538,59.0,328,64,616,43.0
18,Victoria,F,7996,64.0,286,81,521,55.0
19,Grace,F,7641,67.0,211,108,548,48.0
20,Aubrey,F,7623,68.0,66,71,308,118.0
21,Zoey,F,7411,71.0,116,164,300,124.0
22,Natalie,F,7105,75.0,88,141,377,91.0
23,Addison,F,6988,78.0,22,74,251,152.5
24,Lillian,F,6913,79.0,75,205,288,131.0
25,Brooklyn,F,6816,82.0,14,37,138,290.0
26,Lily,F,6773,83.0,121,124,384,84.5
27,Hannah,F,6585,89.0,134,150,339,103.0
28,Layla,F,6453,93.0,144,144,345,99.5
29,Scarlett,F,6005,99.0,139,111,323,113.0
30,Aria,F,5923,100.0,118,162,317,114.0
31,Zoe,F,5877,102.0,240,86,390,81.0
32,Samantha,F,5726,105.0,180,130,427,71.0
33,Anna,F,5689,107.0,150,101,341,102.0
34,Leah,F,5604,109.0,367,60,626,40.0
35,Audrey,F,5563,110.0,81,148,215,181.5
36,Ariana,F,5495,112.0,189,119,398,80.0
37,Savannah,F,5473,114.0,121,121,334,104.5
38,Allison,F,5472,115.0,132,130,325,111.0
39,Arianna,F,5267,119.0,166,140,368,93.0
40,Camila,F,5218,121.0,203,91,310,117.0
41,Gabriella,F,5098,124.0,217,104,547,49.0
42,Penelope,F,5084,125.0,146,147,301,123.0
43,Claire,F,5014,126.0,92,62,229,169.0
44,Aaliyah,F,4883,130.0,122,40,246,157.5
45,Sadie,F,4860,131.0,43,53,200,195.5
46,Riley,F,4794,134.0,76,204,273,137.0
47,Skylar,F,4770,136.0,105,142,275,136.0
48,Nora,F,4738,138.0,70,32,252,150.5
49,Sarah,F,4703,140.0,281,98,481,60.0
50,Hailey,F,4615,142.0,158,149,345,99.5
51,Kaylee,F,4539,143.0,133,167,249,155.5
52,Kennedy,F,4489,145.0,35,112,156,262.0
53,Ellie,F,4480,146.0,57,89,161,249.5
54,Peyton,F,4447,147.0,65,165,227,171.0
55,Annabelle,F,4355,148.0,65,215,188,209.5
56,Caroline,F,4344,149.0,70,159,158,256.5
57,Serenity,F,4330,150.0,81,58,172,233.5
58,Madelyn,F,4309,153.0,50,179,254,147.5
59,Lucy,F,4295,155.0,58,41,173,232.0
60,Aubree,F,4271,156.0,30,104,151,270.0
61,Alexa,F,4246,157.0,108,89,285,132.0
62,Nevaeh,F,4239,158.0,44,90,151,270.0
63,Alexis,F,4234,159.0,49,181,194,202.0
64,Stella,F,4198,160.0,113,127,238,163.0
65,Violet,F,4184,161.0,90,140,227,171.0
66,Genesis,F,4163,162.0,122,45,246,157.5
67,Mackenzie,F,4150,163.0,56,174,227,171.0
68,Bella,F,4087,165.0,139,152,271,138.0
69,Autumn,F,4066,166.0,54,82,180,223.0
70,Mila,F,4056,167.0,144,143,261,141.5
71,Kylie,F,3957,170.0,109,177,243,160.5
72,Maya,F,3949,171.0,212,100,359,94.0
73,Piper,F,3866,177.0,19,77,119,334.5
74,Alyssa,F,3829,178.0,113,167,230,168.0
75,Taylor,F,3809,179.0,92,143,215,181.5
76,Eleanor,F,3736,184.0,77,73,179,226.0
77,Faith,F,3719,186.0,72,64,168,243.0
78,Naomi,F,3708,187.0,123,157,206,191.0
79,Melanie,F,3696,188.0,130,134,212,184.5
80,Eva,F,3682,189.0,151,137,260,143.5
81,Katherine,F,3678,191.0,112,117,211,186.0
82,Lydia,F,3640,193.0,27,119,132,299.0
83,Brianna,F,3608,194.0,126,129,281,135.0
84,Julia,F,3599,195.0,130,113,316,115.0
85,Ashley,F,3556,197.0,203,142,327,109.0
86,Khloe,F,3544,198.0,118,130,198,198.0
87,Madeline,F,3442,203.0,92,140,244,159.0
88,Ruby,F,3423,205.5,70,109,162,246.5
89,Sophie,F,3388,210.0,111,121,207,190.0
90,Alexandra,F,3311,215.0,126,117,254,147.5
91,London,F,3286,216.0,90,60,181,219.5
92,Lauren,F,3090,225.0,88,143,189,208.0
93,Gianna,F,3078,226.0,95,138,402,78.0
94,Isabelle,F,3075,228.0,96,184,218,178.5
95,Vivian,F,3062,229.0,92,58,193,203.5
96,Alice,F,3052,230.0,99,133,171,236.0
97,Jasmine,F,3024,232.0,114,166,193,203.5
98,Hadley,F,3013,233.0,19,77,68,569.5
99,Kayla,F,3007,235.0,145,139,266,140.0
100,Morgan,F,3001,237.0,50,98,144,278.0
101,Cora,F,2964,238.5,19,77,107,368.5
102,Hazel,F,2904,243.0,36,143,101,383.0
103,Kimberly,F,2899,245.0,72,29,162,246.5
104,Clara,F,2854,250.0,36,60,121,326.5
105,Sydney,F,2852,251.0,44,103,149,273.0
106,Trinity,F,2805,253.0,30,104,62,620.0
107,Natalia,F,2796,256.0,58,124,139,286.5
108,Valentina,F,2779,257.0,180,61,334,104.5
109,Maria,F,2769,259.0,102,86,185,212.5
110,Jocelyn,F,2759,260.0,48,85,125,318.5
111,Eliana,F,2741,263.0,112,168,231,166.5
112,Aurora,F,2740,264.0,29,150,128,310.0
113,Brielle,F,2651,272.0,52,178,162,246.5
114,Liliana,F,2637,274.0,39,140,157,259.0
115,Mary,F,2632,276.0,28,68,123,321.5
116,Elena,F,2612,277.0,78,151,159,253.0
117,Molly,F,2601,279.5,27,69,139,286.5
118,Makayla,F,2584,284.0,56,80,142,281.5
119,Lilly,F,2569,287.0,16,80,101,383.0
120,Andrea,F,2557,290.0,46,40,114,348.5
121,Quinn,F,2550,291.0,26,70,138,290.0
122,Jordyn,F,2548,292.0,32,115,111,355.0
123,Nicole,F,2533,295.0,117,116,198,198.0
124,Delilah,F,2511,299.0,51,131,101,383.0
125,Ariel,F,2438,307.0,91,194,128,310.0
126,Paige,F,2409,311.0,64,166,169,241.5
127,Mariah,F,2402,313.5,32,102,90,437.5
128,Mya,F,2402,313.5,53,81,156,262.0
129,Brooke,F,2389,316.0,54,176,184,215.0
130,Jade,F,2388,317.0,63,74,131,301.5
131,Lyla,F,2380,320.0,19,77,111,355.0
132,Ximena,F,2339,323.0,26,57,37,945.0
133,Luna,F,2337,324.0,68,164,126,315.5
134,Isabel,F,2327,326.0,85,147,153,267.5
135,Ivy,F,2287,331.0,50,96,99,390.0
136,Josephine,F,2283,332.0,39,57,119,334.5
137,Amy,F,2192,336.0,104,47,180,223.0
138,Laila,F,2144,340.0,74,156,138,290.0
139,Isla,F,2133,342.0,31,65,97,399.0
140,Eden,F,2132,343.0,14,82,59,640.0
141,Angelina,F,2123,344.0,132,148,243,160.5
142,Londyn,F,2092,348.5,36,98,76,517.0
143,Rachel,F,2085,350.0,264,100,381,89.0
144,Destiny,F,2068,352.0,53,81,94,417.5
145,Melody,F,2060,353.0,50,83,121,326.5
146,Juliana,F,2059,354.5,57,122,186,211.0
147,Kaitlyn,F,2057,356.0,79,201,157,259.0
148,Emilia,F,2000,365.0,75,107,183,217.0
149,Reese,F,1971,366.0,22,74,87,451.5
150,Aliyah,F,1967,368.0,42,92,109,361.5
151,Sara,F,1967,368.0,156,112,251,152.5
152,Margaret,F,1950,370.0,33,63,103,376.0
153,Catherine,F,1941,371.0,67,162,139,286.5
154,Vanessa,F,1925,374.0,41,92,97,399.0
155,Gabrielle,F,1921,375.0,52,96,133,297.5
156,Katelyn,F,1917,377.0,29,104,83,476.5
157,Arabella,F,1904,378.0,16,67,89,442.0
158,Valeria,F,1890,379.0,34,49,68,569.5
159,Valerie,F,1882,380.0,57,35,117,342.0
160,Adriana,F,1874,383.0,65,117,184,215.0
161,Everly,F,1869,384.0,14,82,59,640.0
162,Jessica,F,1797,393.0,70,159,135,293.5
163,Daisy,F,1785,395.0,19,64,60,633.0
164,Rebecca,F,1778,396.0,66,163,145,276.0
165,Lila,F,1773,398.5,53,93,133,297.5
166,Summer,F,1773,398.5,35,162,84,470.0
167,Julianna,F,1770,400.0,36,143,169,241.5
168,Michelle,F,1749,405.5,106,177,154,265.5
169,Angela,F,1734,411.0,94,71,153,267.5
170,Harmony,F,1721,412.0,17,34,68,569.5
171,Alina,F,1713,413.0,90,140,145,276.0
172,Rose,F,1693,417.5,87,95,158,256.5
173,Athena,F,1688,420.0,45,184,98,394.0
174,Emerson,F,1682,421.0,17,79,59,640.0
175,Adelyn,F,1673,422.0,10,73,67,581.0
176,Alana,F,1672,423.0,33,101,103,376.0
177,Izabella,F,1668,424.0,10,73,75,522.0
178,Cali,F,1660,427.5,17,34,84,470.0
179,Esther,F,1660,427.5,265,103,385,83.0
180,Fiona,F,1646,430.0,73,73,157,259.0
181,Stephanie,F,1641,431.0,60,76,134,295.5
182,Cecilia,F,1638,432.0,44,185,110,358.0
183,Jayla,F,1621,437.0,47,87,90,437.5
184,Kate,F,1620,438.0,37,192,89,442.0
185,Genevieve,F,1608,441.0,23,73,85,463.0
186,Alexandria,F,1604,442.0,10,41,76,517.0
187,Eliza,F,1602,443.0,32,147,85,463.0
188,Kylee,F,1589,447.0,10,41,51,728.0
189,Giselle,F,1576,449.5,44,135,84,470.0
190,Arya,F,1554,454.0,41,92,115,345.5
191,Leilani,F,1538,459.0,31,103,70,556.5
192,Adeline,F,1530,462.5,12,84,63,612.5
193,Ana,F,1530,462.5,44,135,79,495.0
194,Jennifer,F,1521,466.0,51,82,122,323.5
195,Tessa,F,1520,468.0,13,83,92,428.0
196,Melissa,F,1506,473.0,29,54,68,569.5
197,Aniyah,F,1494,476.0,17,34,66,590.0
198,Daniela,F,1493,477.0,50,38,112,352.5
199,Keira,F,1468,482.0,13,83,80,489.0
200,Daleyza,F,1466,483.0,14,69,20,1555.0
201,Hope,F,1440,487.0,11,40,59,640.0
202,Charlie,F,1438,488.0,20,76,59,640.0
203,Lucia,F,1433,489.0,48,131,99,390.0
204,Gabriela,F,1411,494.0,58,124,121,326.5
205,Parker,F,1399,498.0,17,79,48,759.5
206,Lola,F,1388,500.0,34,145,77,510.0
207,Amaya,F,1362,507.0,60,74,115,345.5
208,Maggie,F,1354,509.5,14,36,58,653.5
209,Miranda,F,1351,511.0,27,106,59,640.0
210,Anastasia,F,1342,512.5,26,70,97,399.0
211,Georgia,F,1333,514.0,26,70,54,688.5
212,Leila,F,1330,515.5,33,146,97,399.0
213,Iris,F,1325,518.5,35,111,68,569.5
214,Jordan,F,1312,522.0,13,38,67,581.0
215,Cassidy,F,1308,523.5,10,86,71,547.5
216,Jacqueline,F,1308,523.5,34,145,85,463.0
217,Vivienne,F,1297,525.0,36,60,94,417.5
218,Noelle,F,1292,527.5,13,83,86,456.5
219,Camille,F,1288,529.0,11,85,53,700.5
220,Adrianna,F,1280,534.0,39,191,120,330.5
221,Annabella,F,1277,536.0,15,68,87,451.5
222,Juliette,F,1272,540.0,53,126,127,312.5
223,Kendra,F,1271,541.0,11,72,55,679.0
224,Juliet,F,1268,542.0,47,132,108,365.0
225,Sienna,F,1264,545.0,54,125,126,315.5
226,Brynn,F,1257,546.0,10,86,63,612.5
227,Kali,F,1256,547.0,12,39,41,855.0
228,Danielle,F,1242,549.0,35,112,82,481.5
229,Jenna,F,1234,552.0,23,73,88,446.5
230,Paris,F,1226,557.0,40,94,70,556.5
231,Alexia,F,1223,559.0,13,70,49,750.0
232,Lyric,F,1219,561.0,15,36,35,996.5
233,Gemma,F,1218,562.0,17,79,75,522.0
234,Angel,F,1200,568.0,16,34,48,759.5
235,Chelsea,F,1194,570.0,77,107,129,307.5
236,Evangeline,F,1187,574.0,22,157,76,517.0
237,Ayla,F,1182,577.5,18,78,69,562.0
238,Lena,F,1167,582.0,28,68,96,406.0
239,Katie,F,1165,583.0,27,106,71,547.5
240,Olive,F,1151,586.5,19,77,53,700.5
241,Madeleine,F,1149,588.5,35,61,94,417.5
242,Dakota,F,1147,590.0,13,38,65,597.0
243,Elsa,F,1140,593.0,36,110,76,517.0
244,Nova,F,1132,594.0,11,40,51,728.0
245,Nadia,F,1124,598.0,13,83,75,522.0
246,Journey,F,1120,600.0,13,38,34,1030.0
247,Alison,F,1118,601.0,21,62,77,510.0
248,Jada,F,1117,602.0,18,33,61,627.5
249,Nina,F,1106,609.0,73,156,120,330.5
250,Phoebe,F,1103,611.0,40,106,74,527.0
251,Diana,F,1092,615.5,58,121,108,365.0
252,Skyler,F,1083,618.0,21,113,61,627.5
253,Alessandra,F,1081,620.0,30,149,85,463.0
254,Eloise,F,1081,620.0,42,54,85,463.0
255,Nyla,F,1080,622.0,46,89,81,484.5
256,Miriam,F,1070,625.0,143,10,203,193.0
257,Amber,F,1064,626.0,35,98,82,481.5
258,Megan,F,1061,629.5,34,99,85,463.0
259,Ruth,F,1059,631.5,21,158,54,688.5
260,Amiyah,F,1057,634.0,18,33,48,759.5
261,Annie,F,1055,635.5,30,20,61,627.5
262,Amanda,F,1053,638.0,56,173,97,399.0
263,Adelaide,F,1050,639.0,19,77,59,640.0
264,Laura,F,1049,640.5,37,142,84,470.0
265,Lilah,F,1049,640.5,11,85,54,688.5
266,June,F,1048,642.5,13,83,45,799.0
267,Daniella,F,1042,646.0,55,124,122,323.5
268,Mikayla,F,1036,648.5,32,115,92,428.0
269,Jane,F,1026,651.0,25,71,54,688.5
270,Christina,F,1022,653.5,48,232,92,428.0
271,Erin,F,1021,655.5,21,125,68,569.5
272,Joanna,F,1021,655.5,32,18,81,484.5
273,Kelsey,F,1017,660.0,14,37,68,569.5
274,Talia,F,1013,661.0,49,47,89,442.0
275,Fatima,F,1012,662.0,66,131,99,390.0
276,Allyson,F,1011,663.0,16,67,37,945.0
277,Mariana,F,1009,665.5,18,65,47,769.0
278,Sabrina,F,1008,667.0,62,167,111,355.0
279,Leslie,F,1000,671.0,34,49,63,612.5
280,Heaven,F,996,673.0,40,94,64,604.5
281,Arielle,F,985,675.5,28,106,89,442.0
282,Alicia,F,977,679.5,26,107,69,562.0
283,Heidi,F,955,691.5,11,72,50,740.0
284,Malia,F,954,693.0,18,33,58,653.5
285,Selena,F,953,694.0,28,105,65,597.0
286,Kira,F,947,697.0,13,83,56,671.0
287,Lana,F,942,699.5,13,83,55,679.0
288,Kiara,F,923,703.0,49,85,77,510.0
289,Daphne,F,917,706.5,16,80,46,784.5
290,Kyla,F,917,706.5,11,40,51,728.0
291,Carly,F,916,708.5,10,86,64,604.5
292,Alondra,F,915,710.0,15,68,22,1442.0
293,Jaylah,F,913,711.0,15,68,45,799.0
294,Bianca,F,905,715.0,37,142,73,532.5
295,Camilla,F,891,721.5,17,79,49,750.0
296,Vera,F,889,723.0,12,84,55,679.0
297,Catalina,F,888,724.0,19,64,45,799.0
298,Skye,F,886,726.0,17,34,58,653.5
299,Gia,F,885,727.5,40,189,110,358.0
300,Sloane,F,881,729.0,25,71,49,750.0
301,Aylin,F,880,730.0,45,41,73,532.5
302,Yaretzi,F,873,735.0,20,63,25,1318.0
303,Veronica,F,871,736.0,18,78,66,590.0
304,Giuliana,F,868,739.0,23,73,109,361.5
305,Esmeralda,F,866,741.0,19,64,34,1030.0
306,Ada,F,863,743.5,12,84,51,728.0
307,Lia,F,863,743.5,29,150,91,433.5
308,Carmen,F,853,752.0,14,69,34,1030.0
309,Ariella,F,843,757.0,48,131,114,348.5
310,Abby,F,842,758.5,27,23,56,671.0
311,Logan,F,830,770.5,14,37,41,855.0
312,Dylan,F,828,772.0,33,63,83,476.5
313,Elle,F,824,774.0,24,72,58,653.5
314,Malaysia,F,820,778.0,14,37,32,1090.5
315,Jazmin,F,818,779.0,33,50,62,620.0
316,Haylee,F,812,783.5,15,68,51,728.0
317,Nayeli,F,808,786.5,17,66,34,1030.0
318,Helen,F,802,791.0,35,144,63,612.5
319,Marilyn,F,797,792.5,13,70,38,920.5
320,Kamila,F,793,796.5,21,62,40,875.5
321,April,F,792,798.5,12,71,40,875.5
322,Carolina,F,786,803.5,23,156,36,970.0
323,Amina,F,782,806.0,64,133,96,406.0
324,Miracle,F,780,808.0,13,38,31,1118.0
325,Julie,F,779,809.0,14,82,58,653.5
326,Rowan,F,774,812.0,10,86,37,945.0
327,Angelique,F,772,815.0,17,66,38,920.5
328,Amira,F,767,822.0,34,113,68,569.5
329,Emely,F,767,822.0,60,33,102,379.5
330,Jayleen,F,767,822.0,25,58,40,875.5
331,Briana,F,765,824.0,14,69,56,671.0
332,Zara,F,762,828.0,51,50,88,446.5
333,Itzel,F,753,835.5,24,59,30,1145.0
334,Francesca,F,752,837.5,51,128,123,321.5
335,Nylah,F,740,846.0,49,85,79,495.0
336,Anaya,F,738,849.5,44,89,79,495.0
337,Kelly,F,738,849.5,30,103,55,679.0
338,Karina,F,737,852.0,13,37,45,799.0
339,Angelica,F,736,853.5,42,137,66,590.0
340,Maliyah,F,734,855.5,20,31,42,837.0
341,Jimena,F,731,857.5,11,72,18,1691.5
342,Melany,F,729,860.5,39,47,52,714.0
343,Jayda,F,727,863.5,13,38,36,970.0
344,Tiffany,F,726,865.5,49,84,70,556.5
345,Dahlia,F,721,869.0,13,83,52,714.0
346,Alejandra,F,716,872.0,17,66,33,1064.0
347,Sarai,F,713,876.0,32,102,51,728.0
348,Janelle,F,711,878.5,12,39,40,875.5
349,Annalise,F,704,886.0,12,71,50,740.0
350,Serena,F,703,887.0,40,106,71,547.5
351,Brittany,F,697,890.0,34,49,62,620.0
352,Joy,F,695,893.5,22,79,40,875.5
353,Cataleya,F,694,897.5,12,71,30,1145.0
354,Eve,F,694,897.5,18,78,53,700.5
355,Madisyn,F,690,902.0,14,37,46,784.5
356,Anabelle,F,686,906.0,10,73,43,819.5
357,Celeste,F,679,908.5,12,71,33,1064.0
358,Journee,F,678,910.5,11,40,21,1495.0
359,Luciana,F,673,914.0,18,65,64,604.5
360,Anya,F,670,917.0,10,40,52,714.0
361,Jazlyn,F,666,920.0,22,61,37,945.0
362,Zuri,F,666,920.0,21,30,51,728.0
363,Kailey,F,661,925.0,13,70,36,970.0
364,Michaela,F,660,926.0,13,83,63,612.5
365,Crystal,F,659,927.0,33,100,42,837.0
366,Nia,F,653,933.5,31,20,53,700.5
367,Guadalupe,F,651,936.0,29,54,39,899.0
368,Priscilla,F,650,937.5,10,40,36,970.0
369,Hanna,F,648,941.5,32,114,46,784.5
370,Maeve,F,648,941.5,30,66,85,463.0
371,Juniper,F,643,946.0,14,82,34,1030.0
372,Cynthia,F,634,952.5,32,101,54,688.5
373,Phoenix,F,633,955.0,10,41,36,970.0
374,Sylvia,F,633,955.0,28,118,44,808.5
375,Karen,F,631,957.5,19,64,49,750.0
376,Aleena,F,630,959.0,17,33,51,728.0
377,Caitlin,F,628,960.0,11,85,54,688.5
378,Helena,F,623,965.0,17,79,39,899.0
379,Imani,F,622,966.5,24,27,49,750.0
380,Julissa,F,621,969.0,15,68,33,1064.0
381,Karla,F,620,971.0,23,60,39,899.0
382,Elisa,F,619,972.5,14,69,43,819.5
383,Evie,F,619,972.5,12,84,22,1442.0
384,Lilian,F,617,976.5,10,86,38,920.5
385,Harlow,F,610,981.0,11,85,28,1211.5
386,Amara,F,606,985.5,12,39,33,1064.0
387,Lauryn,F,598,992.0,10,41,15,1926.0
388,Kaylie,F,594,995.0,10,73,32,1090.5
389,Colette,F,590,1002.0,15,81,42,837.0
390,Adelina,F,585,1009.5,11,85,43,819.5
391,Anabella,F,585,1009.5,10,73,38,920.5
392,Skyla,F,583,1015.0,44,90,61,627.5
393,Zariah,F,581,1017.5,10,41,27,1241.5
394,Bridget,F,578,1021.0,11,85,42,837.0
395,Monica,F,576,1024.0,12,71,35,996.5
396,Kaylin,F,565,1044.0,12,71,45,799.0
397,Danna,F,563,1048.0,31,52,43,819.5
398,Willa,F,562,1051.0,26,70,45,799.0
399,Aniya,F,561,1054.0,11,40,30,1145.0
400,Anne,F,559,1056.5,24,122,43,819.5
401,Tiana,F,559,1056.5,13,38,39,899.0
402,Angie,F,558,1058.5,19,64,50,740.0
403,Winter,F,557,1061.0,16,35,42,837.0
404,Aisha,F,544,1072.0,46,151,64,604.5
405,Aileen,F,541,1078.0,20,63,31,1118.0
406,Sasha,F,540,1081.0,12,84,46,784.5
407,Mariam,F,538,1088.0,66,86,87,451.5
408,Cecelia,F,535,1091.0,11,85,43,819.5
409,Montserrat,F,534,1093.5,15,68,19,1622.0
410,Mikaela,F,531,1098.0,11,72,51,728.0
411,Tatiana,F,529,1100.0,12,71,41,855.0
412,Liana,F,522,1115.5,27,152,57,664.5
413,Matilda,F,522,1115.5,18,78,32,1090.5
414,Jessie,F,506,1131.0,29,104,41,855.0
415,Blake,F,501,1137.5,11,85,46,784.5
416,Monserrat,F,498,1143.5,10,73,12,2275.5
417,Melina,F,496,1148.0,18,65,56,671.0
418,Maryam,F,494,1153.0,53,144,70,556.5
419,Beatrice,F,490,1164.5,44,52,59,640.0
420,Dayana,F,490,1164.5,16,67,34,1030.0
421,Frances,F,484,1176.0,22,74,34,1030.0
422,Shiloh,F,479,1185.0,10,41,21,1495.0
423,Rosa,F,477,1189.0,10,86,36,970.0
424,Mira,F,476,1192.5,17,79,36,970.0
425,Linda,F,470,1200.0,10,86,33,1064.0
426,Joselyn,F,463,1212.0,10,73,25,1318.0
427,Maia,F,456,1224.5,14,69,40,875.5
428,Pearl,F,453,1227.0,23,73,52,714.0
429,Chanel,F,452,1230.0,11,40,25,1318.0
430,Samara,F,450,1234.5,13,37,46,784.5
431,Bryanna,F,443,1247.0,12,71,29,1177.5
432,Nathalie,F,439,1257.5,24,59,39,899.0
433,Elaine,F,438,1259.5,17,33,40,875.5
434,Maisie,F,437,1262.5,14,82,34,1030.0
435,Erica,F,434,1273.0,12,38,36,970.0
436,Lindsay,F,433,1276.5,15,68,36,970.0
437,Amelie,F,430,1282.5,10,86,31,1118.0
438,Irene,F,430,1282.5,16,34,37,945.0
439,Amirah,F,427,1286.0,10,41,38,920.5
440,Ivanna,F,427,1286.0,11,72,19,1622.0
441,Livia,F,426,1288.5,24,122,44,808.5
442,Milan,F,424,1292.5,26,25,52,714.0
443,Erika,F,420,1302.0,13,70,39,899.0
444,Alma,F,417,1308.5,24,155,36,970.0
445,Chaya,F,416,1311.0,194,6,250,154.0
446,Lea,F,415,1313.0,30,66,65,597.0
447,Mae,F,413,1319.0,11,85,29,1177.5
448,Leyla,F,410,1330.5,11,72,25,1318.0
449,Mina,F,410,1330.5,12,84,33,1064.0
450,Lailah,F,405,1344.5,10,41,29,1177.5
451,Siena,F,404,1347.0,16,80,51,728.0
452,Hadassah,F,402,1352.5,13,83,34,1030.0
453,Amia,F,397,1363.5,10,41,26,1278.0
454,Amiya,F,397,1363.5,10,41,27,1241.5
455,Zaniyah,F,396,1366.0,10,41,18,1691.5
456,Cindy,F,394,1368.5,25,25,43,819.5
457,Celine,F,391,1372.0,32,197,46,784.5
458,Eileen,F,391,1372.0,29,104,54,688.5
459,Simone,F,389,1378.0,22,74,45,799.0
460,Marjorie,F,387,1385.0,16,67,34,1030.0
461,Tori,F,384,1394.5,18,33,31,1118.0
462,Brenda,F,383,1400.0,14,69,28,1211.5
463,Margot,F,377,1414.0,19,77,26,1278.0
464,Arely,F,376,1419.0,11,72,15,1926.0
465,Lisa,F,376,1419.0,11,39,27,1241.5
466,Lizbeth,F,372,1432.0,19,64,29,1177.5
467,Milana,F,370,1438.0,19,77,38,920.5
468,Adele,F,365,1452.0,24,72,56,671.0
469,Thea,F,364,1456.0,11,85,26,1278.0
470,Lina,F,363,1460.5,25,121,38,920.5
471,Sariah,F,363,1460.5,12,39,21,1495.0
472,Wendy,F,358,1476.0,11,72,20,1555.0
473,Liv,F,357,1479.0,16,80,24,1358.0
474,Nathaly,F,357,1479.0,19,64,29,1177.5
475,Celia,F,355,1486.0,10,86,26,1278.0
476,Jaylene,F,354,1490.0,13,70,20,1555.0
477,Joyce,F,352,1498.5,15,35,40,875.5
478,Esme,F,341,1521.0,14,82,33,1064.0
479,Kristen,F,340,1525.5,10,41,36,970.0
480,Aliza,F,339,1529.0,17,79,44,808.5
481,Lara,F,337,1533.5,17,79,35,996.5
482,Jenny,F,335,1543.5,20,30,34,1030.0
483,Ayleen,F,333,1552.0,12,71,14,2029.5
484,Hana,F,329,1565.5,24,122,32,1090.5
485,Angeline,F,323,1588.5,12,71,21,1495.0
486,Alissa,F,321,1597.0,10,73,23,1397.0
487,Barbara,F,321,1597.0,10,86,20,1555.0
488,Carla,F,320,1601.0,13,70,20,1555.0
489,Chana,F,319,1606.0,143,10,174,230.0
490,Giovanna,F,313,1625.0,13,83,49,750.0
491,Keyla,F,313,1625.0,15,68,26,1278.0
492,Sharon,F,313,1625.0,16,34,34,1030.0
493,Kimora,F,311,1633.0,13,38,23,1397.0
494,Saniyah,F,311,1633.0,10,41,24,1358.0
495,Wynter,F,311,1633.0,12,39,26,1278.0
496,Salma,F,309,1642.0,10,86,33,1064.0
497,Zendaya,F,307,1648.0,13,38,27,1241.5
498,Amalia,F,306,1653.0,15,68,33,1064.0
499,Libby,F,306,1653.0,30,66,43,819.5
500,Sherlyn,F,305,1658.0,22,61,27,1241.5
501,Alisha,F,303,1665.5,11,39,42,837.0
502,Emmeline,F,302,1671.0,11,85,22,1442.0
503,Yasmin,F,302,1671.0,10,73,27,1241.5
504,Zainab,F,302,1671.0,24,26,40,875.5
505,Rivka,F,293,1706.0,100,20,175,228.0
506,Jaylin,F,291,1712.5,14,69,19,1622.0
507,Noa,F,289,1725.5,28,68,53,700.5
508,Clementine,F,287,1737.5,11,85,19,1622.0
509,Alisa,F,285,1749.0,24,122,28,1211.5
510,Louisa,F,281,1762.5,12,84,24,1358.0
511,Raina,F,279,1772.5,10,40,28,1211.5
512,Lesly,F,276,1787.0,15,68,19,1622.0
513,Antonia,F,272,1807.0,17,79,48,759.5
514,Aya,F,270,1820.0,14,82,31,1118.0
515,Noor,F,256,1879.0,28,118,41,855.0
516,Carina,F,254,1892.5,18,32,42,837.0
517,Selina,F,247,1928.5,19,31,31,1118.0
518,Poppy,F,245,1941.0,14,82,16,1840.0
519,Tess,F,235,1998.5,11,85,25,1318.0
520,Elina,F,230,2030.0,16,34,30,1145.0
521,Jana,F,229,2035.5,10,86,20,1555.0
522,Sylvie,F,228,2042.0,10,86,15,1926.0
523,Sanaa,F,219,2102.0,14,37,25,1318.0
524,Kayleen,F,216,2121.0,15,68,23,1397.0
525,Zelda,F,213,2140.0,12,84,21,1495.0
526,Samira,F,208,2171.5,10,86,34,1030.0
527,Anayah,F,202,2217.0,10,40,27,1241.5
528,Nahla,F,202,2217.0,13,38,22,1442.0
529,Shirley,F,202,2217.0,32,101,47,769.0
530,Hailie,F,201,2227.0,10,73,26,1278.0
531,Alessia,F,200,2238.5,20,76,42,837.0
532,Valery,F,191,2306.5,12,71,19,1622.0
533,Violeta,F,190,2313.5,12,71,16,1840.0
534,Pamela,F,185,2349.0,13,70,20,1555.0
535,Alanis,F,180,2386.0,26,57,35,996.5
536,Blessing,F,179,2397.0,11,40,16,1840.0
537,Aarya,F,178,2409.0,10,40,20,1555.0
538,Keila,F,178,2409.0,10,73,14,2029.5
539,Tianna,F,178,2409.0,13,38,24,1358.0
540,Janice,F,177,2420.5,12,38,22,1442.0
541,Malka,F,177,2420.5,84,26,109,361.5
542,Yasmine,F,177,2420.5,12,84,23,1397.0
543,Suri,F,174,2442.0,13,83,28,1211.5
544,Egypt,F,173,2455.5,11,40,21,1495.0
545,Litzy,F,173,2455.5,10,73,19,1622.0
546,Shreya,F,172,2468.5,10,40,15,1926.0
547,Malak,F,167,2517.0,14,82,21,1495.0
548,Khadija,F,163,2560.5,10,40,22,1442.0
549,Skylah,F,163,2560.5,24,27,39,899.0
550,Winnie,F,162,2570.0,11,39,17,1762.0
551,Eleni,F,158,2615.5,10,86,16,1840.0
552,Ayesha,F,152,2680.0,28,22,32,1090.5
553,Layan,F,152,2680.0,13,83,17,1762.0
554,Dina,F,146,2752.0,28,68,53,700.5
555,Adina,F,143,2781.0,22,74,33,1064.0
556,Brigitte,F,140,2822.0,11,72,17,1762.0
557,Sanai,F,132,2947.0,15,36,22,1442.0
558,Batsheva,F,122,3109.0,32,64,40,875.5
559,Doris,F,122,3109.0,10,40,12,2275.5
560,Shayna,F,122,3109.0,12,84,27,1241.5
561,Raizy,F,119,3162.5,84,26,107,368.5
562,Shoshana,F,118,3181.5,19,77,33,1064.0
563,Faigy,F,116,3208.5,74,30,105,373.0
564,Ester,F,115,3223.0,10,86,13,2150.0
565,Hafsa,F,113,3254.5,12,38,17,1762.0
566,Nechama,F,111,3297.5,30,66,39,899.0
567,Yael,F,111,3297.5,16,80,29,1177.5
568,Devorah,F,109,3345.5,47,49,65,597.0
569,Khadijah,F,109,3345.5,13,38,24,1358.0
570,Aiza,F,107,3386.5,19,31,22,1442.0
571,Anisa,F,107,3386.5,14,82,26,1278.0
572,Mandy,F,105,3438.0,11,39,13,2150.0
573,Rochel,F,103,3496.5,31,65,41,855.0
574,Inaya,F,102,3517.5,11,39,14,2029.5
575,Salome,F,102,3517.5,11,72,14,2029.5
576,Mindy,F,101,3538.0,29,67,38,920.5
577,Marielle,F,100,3564.0,11,85,18,1691.5
578,Gitty,F,99,3591.0,68,33,87,451.5
579,Malky,F,99,3591.0,70,32,93,422.5
580,Tamar,F,98,3616.0,12,84,22,1442.0
581,Shira,F,96,3660.0,24,72,30,1145.0
582,Aviva,F,95,3685.5,14,82,28,1211.5
583,Baila,F,92,3772.0,39,57,61,627.5
584,Safa,F,92,3772.0,11,39,18,1691.5
585,Magaly,F,91,3797.5,11,72,12,2275.5
586,Shaindy,F,88,3881.5,55,44,78,502.0
587,Fatoumata,F,86,3953.0,47,9,48,759.5
588,Hawa,F,86,3953.0,14,37,19,1622.0
589,Avigail,F,85,3988.5,12,84,20,1555.0
590,Vicky,F,85,3988.5,15,35,15,1926.0
591,Bracha,F,84,4022.0,22,74,32,1090.5
592,Chava,F,82,4090.5,39,57,46,784.5
593,Leora,F,82,4090.5,10,86,20,1555.0
594,Rena,F,82,4090.5,11,85,15,1926.0
595,Jannat,F,81,4125.0,13,37,25,1318.0
596,Yitty,F,79,4192.5,59,40,78,502.0
597,Aminata,F,77,4269.5,29,22,30,1145.0
598,Goldie,F,75,4354.0,11,85,17,1762.0
599,Toby,F,75,4354.0,46,50,61,627.5
600,Rivky,F,74,4400.0,52,46,68,569.5
601,Yehudis,F,74,4400.0,25,71,32,1090.5
602,Shaina,F,70,4571.0,13,83,17,1762.0
603,Perry,F,69,4617.5,13,83,15,1926.0
604,Eshaal,F,65,4821.5,12,38,16,1840.0
605,Ahuva,F,63,4915.5,22,74,32,1090.5
606,Devora,F,63,4915.5,23,73,29,1177.5
607,Syeda,F,63,4915.5,16,34,20,1555.0
608,Aziza,F,62,4973.5,11,85,17,1762.0
609,Yocheved,F,59,5161.5,28,68,34,1030.0
610,Hindy,F,57,5289.0,34,62,45,799.0
611,Inaaya,F,57,5289.0,11,39,14,2029.5
612,Sury,F,57,5289.0,31,65,42,837.0
613,Aicha,F,55,5408.0,23,28,24,1358.0
614,Faiga,F,55,5408.0,24,72,33,1064.0
615,Mariama,F,55,5408.0,16,35,17,1762.0
616,Tenzin,F,55,5408.0,33,17,35,996.5
617,Ayala,F,51,5672.5,10,86,17,1762.0
618,Arisha,F,49,5816.0,10,40,13,2150.0
619,Raizel,F,49,5816.0,15,81,30,1145.0
620,Sima,F,49,5816.0,14,82,27,1241.5
621,Queenie,F,48,5898.5,17,33,21,1495.0
622,Nashla,F,47,5987.5,19,64,19,1622.0
623,Elisheva,F,46,6084.5,12,84,23,1397.0
624,Yasmina,F,46,6084.5,11,85,13,2150.0
625,Blima,F,43,6386.5,29,67,35,996.5
626,Chany,F,42,6501.0,33,63,41,855.0
627,Pessy,F,42,6501.0,30,66,40,875.5
628,Shifra,F,41,6603.5,21,75,26,1278.0
629,Liba,F,40,6711.0,23,73,28,1211.5
630,Queena,F,40,6711.0,11,39,11,2421.5
631,Hinda,F,39,6832.5,10,86,18,1691.5
632,Shaindel,F,39,6832.5,15,81,27,1241.5
633,Yides,F,38,6960.5,26,70,38,920.5
634,Blimy,F,37,7102.0,27,69,35,996.5
635,Esty,F,37,7102.0,22,74,35,996.5
636,Fraidy,F,36,7248.5,29,67,33,1064.0
637,Atara,F,35,7403.0,13,83,17,1762.0
638,Tziporah,F,35,7403.0,12,84,16,1840.0
639,Zissy,F,35,7403.0,25,71,34,1030.0
640,Golda,F,34,7559.0,18,78,23,1397.0
641,Jasmina,F,33,7719.5,11,85,11,2421.5
642,Henny,F,32,7898.5,18,78,25,1318.0
643,Tzipora,F,32,7898.5,14,82,15,1926.0
644,Menucha,F,30,8276.0,13,83,16,1840.0
645,Fanta,F,29,8474.0,12,39,13,2150.0
646,Goldy,F,28,8685.0,17,79,22,1442.0
647,Perel,F,28,8685.0,19,77,20,1555.0
648,Aissatou,F,27,8916.0,13,38,13,2150.0
649,Mirel,F,27,8916.0,15,81,20,1555.0
650,Bruchy,F,26,9174.5,17,79,25,1318.0
651,Oumou,F,26,9174.5,13,38,14,2029.5
652,Etty,F,25,9442.5,18,78,22,1442.0
653,Fatou,F,25,9442.5,10,41,9,2778.5
654,Avital,F,24,9720.0,10,86,13,2150.0
655,Chavy,F,23,10024.0,13,83,19,1622.0
656,Perl,F,23,10024.0,17,79,22,1442.0
657,Roizy,F,22,10346.5,13,83,21,1495.0
658,Ruchy,F,22,10346.5,17,79,21,1495.0
659,Henchy,F,21,10701.5,20,76,21,1495.0
660,Frady,F,19,11526.5,14,82,19,1622.0
661,Fradel,F,18,11989.5,11,85,16,1840.0
662,Frimet,F,17,12491.5,12,84,17,1762.0
663,Kadiatou,F,17,12491.5,10,41,11,2421.5
664,Brucha,F,16,13049.5,13,83,16,1840.0
665,Rifky,F,15,13680.5,11,85,14,2029.5
666,Ruchel,F,15,13680.5,10,86,15,1926.0
667,Mushka,F,13,15163.0,12,84,12,2275.5
668,Trany,F,12,16050.5,12,84,12,2275.5
669,Reizy,F,10,18351.5,10,86,10,2586.0
670,Noah,M,19305,3.0,589,55,1142,9.0
671,Liam,M,18462,5.0,625,42,1276,2.0
672,Mason,M,17201,6.0,447,70,1081,11.0
673,Jacob,M,16883,8.0,669,46,1302,1.0
674,William,M,16820,9.0,348,124,754,28.0
675,Ethan,M,15724,10.0,728,26,1256,4.0
676,Michael,M,15454,12.0,566,55,1243,6.0
677,Alexander,M,15414,13.0,538,62,1050,13.0
678,James,M,14431,14.0,387,97,905,23.0
679,Daniel,M,13937,15.0,569,47,1029,15.0
680,Elijah,M,13832,16.0,277,166,600,45.0
681,Benjamin,M,13801,17.0,380,119,869,26.0
682,Logan,M,13648,18.0,269,138,824,27.0
683,Aiden,M,13402,20.0,499,68,906,22.0
684,Jayden,M,12966,21.0,609,85,983,17.0
685,Matthew,M,12912,22.0,511,65,1060,12.0
686,Jackson,M,12219,24.0,106,129,617,42.0
687,David,M,12214,25.0,515,82,910,21.0
688,Lucas,M,12158,26.0,467,91,1035,14.0
689,Joseph,M,12118,27.0,459,121,1118,10.0
690,Anthony,M,11580,29.0,330,118,893,24.0
691,Andrew,M,11159,30.0,283,123,648,36.0
692,Samuel,M,10995,31.0,330,144,640,37.0
693,Gabriel,M,10918,32.0,303,133,619,41.0
694,Joshua,M,10901,33.0,364,105,680,34.0
695,John,M,10691,34.0,270,158,681,33.0
696,Carter,M,10677,35.0,164,238,553,47.0
697,Luke,M,10506,36.0,155,225,451,65.0
698,Dylan,M,10410,37.0,489,84,917,20.0
699,Christopher,M,10352,38.0,305,135,720,32.0
700,Isaac,M,9977,41.0,275,142,473,62.0
701,Oliver,M,9439,46.0,209,111,448,67.0
702,Henry,M,9432,47.0,235,131,524,53.0
703,Sebastian,M,9306,48.0,379,141,610,44.0
704,Caleb,M,9225,49.0,148,218,415,75.0
705,Owen,M,9150,50.0,146,161,505,56.0
706,Ryan,M,9085,51.0,450,83,926,19.0
707,Nathan,M,8976,52.0,273,129,526,52.0
708,Wyatt,M,8874,53.0,43,139,256,145.5
709,Hunter,M,8812,54.0,128,233,468,63.0
710,Jack,M,8747,56.5,245,140,676,35.0
711,Christian,M,8455,60.0,245,157,544,50.0
712,Landon,M,8226,61.0,49,241,324,112.0
713,Jonathan,M,8106,62.0,277,129,522,54.0
714,Levi,M,8050,63.0,85,207,290,129.0
715,Jaxon,M,7701,65.0,46,244,260,143.5
716,Julian,M,7671,66.0,228,173,423,72.0
717,Isaiah,M,7620,69.0,115,139,284,133.0
718,Eli,M,7488,70.0,172,210,375,92.0
719,Aaron,M,7392,72.0,316,112,483,59.0
720,Charles,M,7345,73.0,184,215,422,73.0
721,Connor,M,7223,74.0,64,117,378,90.0
722,Cameron,M,7056,76.0,92,268,343,101.0
723,Thomas,M,7028,77.0,176,215,504,57.0
724,Jeremiah,M,6874,80.0,212,40,414,76.0
725,Jordan,M,6869,81.0,153,214,347,97.0
726,Nicholas,M,6765,84.0,330,126,731,29.0
727,Evan,M,6717,85.0,183,127,436,70.0
728,Adrian,M,6690,86.0,223,186,357,95.0
729,Robert,M,6640,87.0,110,185,346,98.0
730,Gavin,M,6618,88.0,100,260,384,84.5
731,Brayden,M,6580,90.0,40,248,299,125.0
732,Grayson,M,6571,91.0,52,236,216,180.0
733,Josiah,M,6458,92.0,141,69,297,126.0
734,Austin,M,6304,95.0,164,203,389,82.0
735,Angel,M,6303,96.0,204,70,328,107.5
736,Jace,M,6289,97.0,120,180,326,110.0
737,Dominic,M,6252,98.0,74,216,383,87.0
738,Kevin,M,5896,101.0,223,179,383,87.0
739,Brandon,M,5840,103.0,240,166,416,74.0
740,Tyler,M,5830,104.0,184,194,444,68.0
741,Parker,M,5712,106.0,27,85,239,162.0
742,Ayden,M,5619,108.0,177,210,302,122.0
743,Jason,M,5555,111.0,231,159,454,64.0
744,Jose,M,5480,113.0,100,33,197,200.0
745,Ian,M,5455,116.0,185,137,328,107.5
746,Chase,M,5355,117.0,145,230,404,77.0
747,Adam,M,5328,118.0,301,150,474,61.0
748,Hudson,M,5238,120.0,89,201,200,195.5
749,Nolan,M,5204,122.0,36,146,190,207.0
750,Zachary,M,5181,123.0,178,199,400,79.0
751,Blake,M,4943,128.0,35,147,261,141.5
752,Jaxson,M,4931,129.0,24,196,182,218.0
753,Cooper,M,4842,132.0,40,72,181,219.5
754,Lincoln,M,4820,133.0,11,101,151,270.0
755,Xavier,M,4771,135.0,163,215,303,121.0
756,Kayden,M,4726,139.0,142,123,289,130.0
757,Carson,M,4618,141.0,38,30,159,253.0
758,Brody,M,4323,151.0,20,92,170,239.0
759,Asher,M,4321,152.0,100,158,192,205.0
760,Nathaniel,M,4304,154.0,171,195,306,120.0
761,Ryder,M,4102,164.0,27,153,130,305.0
762,Justin,M,4029,168.0,248,158,450,66.0
763,Leo,M,3966,169.0,178,141,311,116.0
764,Tristan,M,3911,172.0,132,233,249,155.5
765,Juan,M,3899,173.5,66,49,105,373.0
766,Luis,M,3899,173.5,98,35,185,212.5
767,Damian,M,3878,176.0,63,158,120,330.5
768,Elias,M,3777,180.0,136,173,233,164.0
769,Vincent,M,3760,181.0,110,182,296,127.0
770,Mateo,M,3741,183.0,87,140,156,262.0
771,Maxwell,M,3734,185.0,81,208,213,183.0
772,Miles,M,3681,190.0,102,258,198,198.0
773,Micah,M,3659,192.0,48,136,126,315.5
774,Sawyer,M,3593,196.0,27,85,96,406.0
775,Jesus,M,3521,199.0,67,48,94,417.5
776,Max,M,3493,200.0,143,172,282,134.0
777,Roman,M,3467,201.0,55,195,150,272.0
778,Leonardo,M,3447,202.0,110,184,188,209.5
779,Santiago,M,3424,204.0,59,54,94,417.5
780,Cole,M,3423,205.5,31,81,178,227.0
781,Carlos,M,3420,207.0,86,40,154,265.5
782,Bryson,M,3419,208.0,17,53,102,379.5
783,Ezra,M,3415,209.0,67,224,143,279.5
784,Declan,M,3318,213.0,43,70,220,177.0
785,Eric,M,3314,214.0,159,224,256,145.5
786,Kaiden,M,3264,217.0,84,107,205,192.0
787,Giovanni,M,3240,218.0,89,201,232,165.0
788,Theodore,M,3223,219.0,159,167,269,139.0
789,Harrison,M,3203,220.0,60,121,161,249.5
790,Alex,M,3181,221.0,138,160,253,149.0
791,Diego,M,3170,222.0,62,52,106,371.0
792,Wesley,M,3139,223.0,29,151,131,301.5
793,Bryce,M,3114,224.0,45,135,170,239.0
794,Ivan,M,3077,227.0,102,189,155,264.0
795,Greyson,M,3045,231.0,25,157,134,295.5
796,Timothy,M,3009,234.0,73,285,172,233.5
797,George,M,3004,236.0,100,193,218,178.5
798,Weston,M,2964,238.5,11,101,79,495.0
799,Silas,M,2929,241.0,11,101,92,428.0
800,Jonah,M,2913,242.0,57,164,142,281.5
801,Antonio,M,2892,246.0,68,222,171,236.0
802,Colin,M,2883,247.0,51,129,222,175.0
803,Hayden,M,2881,248.0,26,154,93,422.5
804,Richard,M,2879,249.0,81,277,180,223.0
805,Ashton,M,2813,252.0,55,237,129,307.5
806,Axel,M,2798,254.0,64,158,118,339.0
807,Steven,M,2797,255.0,129,240,226,173.0
808,Kaleb,M,2758,261.0,36,142,107,368.5
809,Miguel,M,2752,262.0,64,50,109,361.5
810,Preston,M,2728,265.0,29,153,128,310.0
811,Bryan,M,2725,266.0,113,149,212,184.5
812,Jayce,M,2710,267.0,68,112,163,244.0
813,Victor,M,2681,268.0,99,191,159,253.0
814,Patrick,M,2673,270.0,49,65,209,188.0
815,Joel,M,2664,271.0,136,168,221,176.0
816,Grant,M,2642,273.0,11,101,76,517.0
817,Emmett,M,2636,275.0,12,100,100,386.0
818,Marcus,M,2609,278.0,85,273,159,253.0
819,Alejandro,M,2601,279.5,55,55,98,394.0
820,Kingston,M,2593,281.5,16,54,53,700.5
821,Jude,M,2588,283.0,25,87,83,476.5
822,Edward,M,2583,285.0,88,200,184,215.0
823,Maddox,M,2573,286.0,10,98,62,620.0
824,Emmanuel,M,2566,288.0,111,143,180,223.0
825,Abel,M,2562,289.0,18,90,71,547.5
826,Bennett,M,2544,293.0,20,92,72,539.0
827,Everett,M,2537,294.0,16,96,86,456.5
828,Brian,M,2529,296.0,98,260,191,206.0
829,Jeremy,M,2515,298.0,165,222,252,150.5
830,Alan,M,2497,300.0,102,192,147,274.0
831,Kaden,M,2470,301.0,42,204,83,476.5
832,Jesse,M,2459,302.0,14,98,115,345.5
833,Jaden,M,2458,303.0,101,147,159,253.0
834,Riley,M,2444,304.0,58,300,140,284.0
835,King,M,2435,308.0,92,100,145,276.0
836,Kai,M,2406,312.0,87,273,139,286.5
837,Malachi,M,2386,318.0,46,28,95,412.0
838,Kyle,M,2383,319.0,112,252,231,166.5
839,Abraham,M,2378,321.0,218,147,295,128.0
840,Ezekiel,M,2375,322.0,25,153,63,612.5
841,Calvin,M,2332,325.0,34,216,90,437.5
842,Bradley,M,2325,327.0,43,135,126,315.5
843,Oscar,M,2321,328.5,91,197,130,305.0
844,Luca,M,2302,330.0,126,180,307,119.0
845,Avery,M,2282,333.0,46,132,141,283.0
846,Aidan,M,2278,334.0,85,203,202,194.0
847,Zayden,M,2219,335.0,26,152,73,532.5
848,Mark,M,2184,337.0,84,208,174,230.0
849,Jake,M,2166,338.0,101,188,223,174.0
850,Kenneth,M,2148,339.0,36,142,107,368.5
851,Maximus,M,2135,341.0,44,176,131,301.5
852,Sean,M,2122,345.0,88,272,208,189.0
853,Karter,M,2111,347.0,35,37,93,422.5
854,Brady,M,2092,348.5,13,99,71,547.5
855,Nicolas,M,2074,351.0,81,140,143,279.5
856,Caden,M,2059,354.5,10,60,74,527.0
857,Cayden,M,2045,359.0,29,43,100,386.0
858,Graham,M,2038,361.0,27,85,71,547.5
859,Jayceon,M,2011,362.0,49,131,89,442.0
860,Paul,M,2003,364.0,25,87,135,293.5
861,Peter,M,1919,376.0,71,151,171,236.0
862,Derek,M,1879,381.0,100,190,170,239.0
863,Jax,M,1848,386.0,11,101,75,522.0
864,Jorge,M,1847,387.0,29,79,47,769.0
865,Peyton,M,1839,388.0,14,56,73,532.5
866,Amir,M,1817,390.0,147,184,210,187.0
867,Gael,M,1808,391.0,38,70,47,769.0
868,Omar,M,1806,392.0,103,257,136,292.0
869,Iker,M,1789,394.0,49,60,77,510.0
870,Elliot,M,1768,401.0,33,79,96,406.0
871,Javier,M,1765,402.0,42,66,83,476.5
872,Jasper,M,1749,405.5,42,138,77,510.0
873,Andres,M,1710,414.5,30,78,52,714.0
874,Dean,M,1710,414.5,31,189,103,376.0
875,Zane,M,1693,417.5,10,60,49,750.0
876,Charlie,M,1690,419.0,16,96,66,590.0
877,Myles,M,1667,425.0,32,258,92,428.0
878,Lorenzo,M,1637,433.0,47,243,121,326.5
879,Lukas,M,1631,436.0,45,175,118,339.0
880,Simon,M,1616,440.0,59,123,118,339.0
881,Francisco,M,1599,444.0,33,75,57,664.5
882,Elliott,M,1591,446.0,12,100,77,510.0
883,Finn,M,1583,448.0,21,91,68,569.5
884,Jaiden,M,1559,452.0,35,143,100,386.0
885,Rowan,M,1547,455.5,15,97,57,664.5
886,Judah,M,1544,457.0,15,97,61,627.5
887,August,M,1540,458.0,28,84,84,470.0
888,Griffin,M,1537,460.5,16,96,74,527.0
889,Israel,M,1537,460.5,53,167,96,406.0
890,Chance,M,1527,464.0,28,44,72,539.0
891,Beckett,M,1525,465.0,13,99,34,1030.0
892,Brooks,M,1520,468.0,12,100,29,1177.5
893,Spencer,M,1516,470.0,18,94,95,412.0
894,Damien,M,1508,472.0,16,92,90,437.5
895,Seth,M,1502,474.0,10,60,68,569.5
896,Devin,M,1489,478.5,57,301,110,358.0
897,Travis,M,1489,478.5,22,116,96,406.0
898,Emiliano,M,1480,480.5,11,97,24,1358.0
899,Zion,M,1480,480.5,40,33,95,412.0
900,Ricardo,M,1462,484.0,22,86,43,819.5
901,Stephen,M,1445,485.0,29,191,97,399.0
902,Erick,M,1442,486.0,55,55,99,390.0
903,Reid,M,1432,490.0,15,97,53,700.5
904,Martin,M,1431,491.0,46,174,85,463.0
905,Eduardo,M,1429,492.5,19,89,38,920.5
906,Fernando,M,1403,495.5,26,82,50,740.0
907,Raymond,M,1402,497.0,67,221,116,343.0
908,Manuel,M,1380,501.0,25,83,45,799.0
909,Jeffrey,M,1377,502.0,35,141,96,406.0
910,Felix,M,1375,503.0,78,210,113,350.5
911,Josue,M,1365,504.0,35,73,77,510.0
912,Mario,M,1364,505.5,19,89,53,700.5
913,Caiden,M,1354,509.5,18,52,77,510.0
914,Cristian,M,1342,512.5,33,75,80,489.0
915,Shane,M,1296,526.0,19,93,113,350.5
916,Cesar,M,1283,531.5,23,85,44,808.5
917,Emilio,M,1281,533.0,22,86,42,837.0
918,Andre,M,1278,535.0,13,57,60,633.0
919,Andy,M,1267,543.5,75,104,124,320.0
920,Donovan,M,1267,543.5,20,158,67,581.0
921,Louis,M,1225,558.0,47,241,95,412.0
922,Hector,M,1213,564.5,18,90,37,945.0
923,Rafael,M,1202,566.0,40,180,73,532.5
924,Jared,M,1189,572.0,25,83,79,495.0
925,Messiah,M,1188,573.0,66,117,95,412.0
926,Edwin,M,1184,575.0,52,124,87,451.5
927,Johnny,M,1183,576.0,17,91,58,653.5
928,Archer,M,1182,577.5,12,100,31,1118.0
929,Edgar,M,1178,579.0,24,84,46,784.5
930,Alexis,M,1175,580.0,40,68,61,627.5
931,Anderson,M,1161,584.0,29,147,83,476.5
932,Arthur,M,1149,588.5,25,87,74,527.0
933,Sergio,M,1141,592.0,16,92,32,1090.5
934,Marco,M,1128,595.0,35,185,88,446.5
935,Dominick,M,1127,596.5,30,190,119,334.5
936,Julius,M,1127,596.5,63,115,120,330.5
937,Milo,M,1114,603.0,28,84,65,597.0
938,Gregory,M,1107,608.0,25,195,71,547.5
939,Dante,M,1105,610.0,27,193,72,539.0
940,Angelo,M,1101,613.0,12,100,99,390.0
941,Reed,M,1095,614.0,11,101,47,769.0
942,Jaylen,M,1092,615.5,19,51,58,653.5
943,Leon,M,1078,623.0,60,228,92,428.0
944,Shawn,M,1063,627.0,11,57,65,597.0
945,Drew,M,1062,628.0,12,100,52,714.0
946,Fabian,M,1048,642.5,10,98,25,1318.0
947,Joaquin,M,1045,644.0,21,87,40,875.5
948,Erik,M,1036,648.5,10,102,52,714.0
949,Emanuel,M,1022,653.5,24,84,67,581.0
950,Kendrick,M,1010,664.0,12,96,51,728.0
951,Ali,M,1009,665.5,85,167,119,334.5
952,Aden,M,998,672.0,17,53,56,671.0
953,Frank,M,989,674.0,35,253,85,463.0
954,Walter,M,983,677.0,10,98,53,700.5
955,Amari,M,978,678.0,30,42,79,495.0
956,Romeo,M,968,684.0,14,94,40,875.5
957,Roberto,M,964,687.0,22,86,39,899.0
958,Maximiliano,M,960,688.0,14,94,20,1555.0
959,Zaiden,M,959,689.0,14,56,38,920.5
960,Major,M,931,702.0,16,54,35,996.5
961,Brendan,M,921,704.0,12,100,88,446.5
962,Skyler,M,916,708.5,11,97,52,714.0
963,Pedro,M,903,716.0,12,96,32,1090.5
964,Noel,M,899,718.0,44,134,73,532.5
965,Ruben,M,892,719.5,11,97,32,1090.5
966,Quinn,M,877,734.0,14,98,40,875.5
967,Ronan,M,865,742.0,21,91,71,547.5
968,Allen,M,857,748.5,38,138,50,740.0
969,Enzo,M,849,754.0,17,91,68,569.5
970,Jay,M,845,756.0,21,87,53,700.5
971,Malik,M,837,762.0,27,45,53,700.5
972,Matteo,M,836,763.0,39,181,91,433.5
973,Adan,M,834,764.5,10,98,20,1555.0
974,Solomon,M,831,769.0,51,63,79,495.0
975,Ismael,M,807,788.0,26,82,46,784.5
976,Philip,M,797,792.5,28,84,66,590.0
977,Thiago,M,796,794.0,37,71,64,604.5
978,Jayson,M,793,796.5,27,151,67,581.0
979,Esteban,M,790,800.5,13,95,23,1397.0
980,Pablo,M,786,803.5,16,92,35,996.5
981,Muhammad,M,774,812.0,145,102,196,201.0
982,Bruce,M,772,815.0,14,94,51,728.0
983,Gerardo,M,772,815.0,11,97,14,2029.5
984,Marcos,M,769,819.5,14,94,27,1241.5
985,Damon,M,763,826.5,17,51,56,671.0
986,Prince,M,754,833.5,40,138,67,581.0
987,Milan,M,752,837.5,44,176,72,539.0
988,Enrique,M,747,842.0,18,90,27,1241.5
989,Rory,M,747,842.0,11,101,58,653.5
990,Mohamed,M,712,877.0,92,96,127,312.5
991,Danny,M,708,881.5,17,91,48,759.5
992,Albert,M,695,893.5,52,236,78,502.0
993,Hugo,M,695,893.5,22,90,49,750.0
994,Adriel,M,694,897.5,34,74,52,714.0
995,Ari,M,688,903.5,42,71,80,489.0
996,Ellis,M,679,908.5,12,100,29,1177.5
997,Maximilian,M,668,918.0,31,189,67,581.0
998,Tony,M,664,923.0,11,57,37,945.0
999,Saul,M,662,924.0,16,92,33,1064.0
1000,Rocco,M,657,929.0,15,97,72,539.0
1001,Jerry,M,656,930.0,15,53,31,1118.0
1002,Julio,M,653,933.5,15,93,27,1241.5
1003,Arjun,M,650,937.5,20,48,33,1064.0
1004,Ibrahim,M,649,939.0,64,186,92,428.0
1005,Nico,M,648,941.5,10,102,64,604.5
1006,Lawrence,M,637,949.0,26,42,62,620.0
1007,Moises,M,634,952.5,10,98,18,1691.5
1008,Khalil,M,625,962.5,13,57,34,1030.0
1009,Mathew,M,625,962.5,18,90,44,808.5
1010,Francis,M,592,999.0,13,99,67,581.0
1011,Moses,M,584,1012.5,26,86,58,653.5
1012,Rhys,M,580,1019.5,12,100,38,920.5
1013,Rodrigo,M,575,1027.5,12,96,21,1495.0
1014,Uriel,M,575,1027.5,11,97,31,1118.0
1015,Dennis,M,574,1030.5,10,98,44,808.5
1016,Armani,M,571,1032.5,13,95,35,996.5
1017,Marvin,M,570,1034.5,10,98,47,769.0
1018,Darren,M,567,1038.0,25,113,51,728.0
1019,Frederick,M,567,1038.0,16,96,43,819.5
1020,Mohammed,M,565,1044.0,69,181,98,394.0
1021,Jonas,M,564,1046.0,13,95,37,945.0
1022,Matias,M,558,1058.5,32,76,46,784.5
1023,Kyrie,M,557,1061.0,23,47,53,700.5
1024,Theo,M,550,1066.5,12,100,41,855.0
1025,Randy,M,546,1069.0,12,96,37,945.0
1026,Alberto,M,541,1078.0,13,95,20,1555.0
1027,Ricky,M,540,1081.0,10,58,17,1762.0
1028,Princeton,M,539,1084.0,12,58,34,1030.0
1029,Chris,M,538,1088.0,31,145,55,679.0
1030,Jimmy,M,534,1093.5,19,49,40,875.5
1031,Benson,M,528,1101.5,23,45,29,1177.5
1032,Justice,M,526,1104.5,10,60,38,920.5
1033,Moshe,M,523,1112.0,267,4,350,96.0
1034,Roy,M,523,1112.0,23,45,42,837.0
1035,Sam,M,520,1118.5,32,80,58,653.5
1036,Arlo,M,518,1120.5,16,96,33,1064.0
1037,Winston,M,518,1120.5,21,159,33,1064.0
1038,Ahmed,M,501,1137.5,54,196,70,556.5
1039,Issac,M,500,1140.0,10,102,35,996.5
1040,Neymar,M,499,1141.5,19,89,37,945.0
1041,Brayan,M,498,1143.5,19,89,29,1177.5
1042,Nasir,M,497,1145.5,33,39,62,620.0
1043,Leonidas,M,493,1156.5,11,97,32,1090.5
1044,Luka,M,493,1156.5,24,88,41,855.0
1045,Gary,M,492,1158.5,10,58,44,808.5
1046,Orlando,M,491,1161.0,10,98,27,1241.5
1047,Yahir,M,490,1164.5,15,93,18,1691.5
1048,Ahmad,M,488,1170.5,15,97,34,1030.0
1049,Ezequiel,M,488,1170.5,14,94,21,1495.0
1050,Ayaan,M,485,1174.5,55,18,71,547.5
1051,Jalen,M,483,1178.5,11,59,27,1241.5
1052,Kieran,M,483,1178.5,14,98,46,784.5
1053,Conor,M,479,1185.0,19,93,52,714.0
1054,Johan,M,478,1187.0,23,85,39,899.0
1055,Bryant,M,476,1192.5,13,95,29,1177.5
1056,Mathias,M,473,1198.0,16,92,35,996.5
1057,Yusuf,M,469,1202.0,16,96,47,769.0
1058,Mohammad,M,468,1204.5,63,14,93,422.5
1059,Wilson,M,461,1217.0,11,57,34,1030.0
1060,Alvin,M,460,1219.5,32,36,55,679.0
1061,Raphael,M,460,1219.5,29,83,59,640.0
1062,Mekhi,M,454,1226.0,23,47,32,1090.5
1063,Eden,M,450,1234.5,17,51,31,1118.0
1064,Rayan,M,440,1255.0,41,139,69,562.0
1065,Jefferson,M,438,1259.5,17,91,43,819.5
1066,Hamza,M,426,1288.5,16,96,42,837.0
1067,Sincere,M,424,1292.5,19,51,39,899.0
1068,Quincy,M,423,1294.0,15,55,30,1145.0
1069,Jasiah,M,415,1313.0,12,58,35,996.5
1070,Santino,M,415,1313.0,14,98,41,855.0
1071,Rohan,M,414,1316.0,21,47,42,837.0
1072,Abdullah,M,413,1319.0,30,38,47,769.0
1073,Marc,M,411,1326.5,13,99,50,740.0
1074,Nelson,M,407,1339.5,12,96,50,740.0
1075,Carmelo,M,401,1354.5,13,57,42,837.0
1076,Kristian,M,400,1357.5,17,53,35,996.5
1077,Neil,M,397,1363.5,13,55,34,1030.0
1078,Melvin,M,380,1407.0,11,97,26,1278.0
1079,Zain,M,373,1428.5,12,56,31,1118.0
1080,Stanley,M,371,1435.5,14,54,36,970.0
1081,Yosef,M,362,1464.5,116,28,162,246.5
1082,Edison,M,361,1468.0,14,54,29,1177.5
1083,Elian,M,354,1490.0,19,89,26,1278.0
1084,Omari,M,341,1521.0,13,57,28,1211.5
1085,Harry,M,336,1538.0,12,100,27,1241.5
1086,Ben,M,335,1543.5,13,99,27,1241.5
1087,Maxim,M,335,1543.5,26,86,41,855.0
1088,Allan,M,333,1552.0,13,95,27,1241.5
1089,Adonis,M,330,1559.5,31,147,42,837.0
1090,Kamari,M,324,1584.0,12,58,19,1622.0
1091,Aron,M,322,1592.0,62,54,87,451.5
1092,Aydin,M,321,1597.0,11,101,36,970.0
1093,Ariel,M,319,1606.0,40,180,63,612.5
1094,Marcelo,M,319,1606.0,12,96,19,1622.0
1095,Marlon,M,319,1606.0,11,97,24,1358.0
1096,Aryan,M,317,1612.0,18,50,29,1177.5
1097,Kareem,M,314,1620.0,30,152,40,875.5
1098,Samir,M,310,1637.5,13,99,35,996.5
1099,Hassan,M,309,1642.0,10,58,37,945.0
1100,Jadiel,M,309,1642.0,44,64,58,653.5
1101,Kingsley,M,309,1642.0,21,47,28,1211.5
1102,Yousef,M,307,1648.0,18,94,29,1177.5
1103,Misael,M,296,1694.0,10,98,14,2029.5
1104,Leandro,M,294,1702.0,11,97,19,1622.0
1105,Chaim,M,291,1712.5,130,23,174,230.0
1106,Alfred,M,287,1737.5,18,50,40,875.5
1107,Anson,M,282,1758.5,23,45,28,1211.5
1108,Vincenzo,M,280,1767.5,11,101,46,784.5
1109,Junior,M,277,1783.5,14,94,30,1145.0
1110,Kenny,M,265,1841.0,14,94,26,1278.0
1111,Reuben,M,264,1843.5,11,101,27,1241.5
1112,Amare,M,263,1848.5,10,60,31,1118.0
1113,Dariel,M,263,1848.5,28,80,39,899.0
1114,Marcel,M,261,1854.0,10,102,41,855.0
1115,Steve,M,257,1873.5,12,96,29,1177.5
1116,Eliezer,M,254,1892.5,52,62,86,456.5
1117,Anton,M,238,1976.5,11,101,27,1241.5
1118,Salvatore,M,238,1976.5,20,92,77,510.0
1119,Zaire,M,237,1983.5,20,50,26,1278.0
1120,Darwin,M,236,1990.0,11,97,29,1177.5
1121,Yehuda,M,227,2048.5,86,41,112,352.5
1122,Gordon,M,224,2067.0,10,58,19,1622.0
1123,Mike,M,215,2127.5,11,97,24,1358.0
1124,Menachem,M,211,2148.5,118,27,131,301.5
1125,Ayan,M,207,2177.0,16,52,27,1241.5
1126,Musa,M,205,2195.0,11,57,31,1118.0
1127,Jamar,M,201,2227.0,12,58,17,1762.0
1128,Yisroel,M,198,2253.0,83,43,115,345.5
1129,Cormac,M,196,2269.0,11,101,20,1555.0
1130,Derick,M,190,2313.5,10,98,16,1840.0
1131,Avi,M,187,2337.5,11,101,24,1358.0
1132,Elvis,M,186,2344.0,13,55,24,1358.0
1133,Rayyan,M,186,2344.0,24,44,37,945.0
1134,Jean,M,184,2357.5,22,86,37,945.0
1135,Mordechai,M,183,2367.5,92,37,118,339.0
1136,Yadiel,M,179,2397.0,15,93,24,1358.0
1137,Yandel,M,174,2442.0,15,93,20,1555.0
1138,Youssef,M,174,2442.0,24,88,34,1030.0
1139,Zahir,M,172,2468.5,14,56,23,1397.0
1140,Eason,M,171,2479.0,38,30,38,920.5
1141,Shimon,M,171,2479.0,100,34,130,305.0
1142,Imran,M,169,2500.5,10,102,18,1691.5
1143,Shlomo,M,169,2500.5,55,59,80,489.0
1144,Yahya,M,166,2528.0,11,101,20,1555.0
1145,Shmuel,M,165,2539.0,57,57,81,484.5
1146,Yaakov,M,160,2591.5,46,67,64,604.5
1147,Zev,M,153,2666.5,49,65,70,556.5
1148,Armaan,M,152,2680.0,13,55,19,1622.0
1149,Avraham,M,152,2680.0,55,59,72,539.0
1150,Lucien,M,150,2702.0,10,102,22,1442.0
1151,Zamir,M,150,2702.0,10,60,14,2029.5
1152,Meir,M,148,2733.0,66,51,78,502.0
1153,Yaseen,M,145,2761.0,12,100,26,1278.0
1154,Francesco,M,143,2781.0,15,97,34,1030.0
1155,Aayan,M,139,2839.0,10,58,17,1762.0
1156,Eddy,M,139,2839.0,10,98,21,1495.0
1157,Syed,M,139,2839.0,20,48,25,1318.0
1158,Yitzchok,M,128,3004.5,66,51,94,417.5
1159,Dashiell,M,127,3017.5,10,102,14,2029.5
1160,Giuseppe,M,125,3051.0,10,102,28,1211.5
1161,Kabir,M,125,3051.0,10,58,13,2150.0
1162,Jael,M,124,3072.0,13,95,21,1495.0
1163,Tzvi,M,124,3072.0,49,65,65,597.0
1164,Jariel,M,123,3091.0,20,88,31,1118.0
1165,Eliyahu,M,121,3126.0,25,87,40,875.5
1166,Yoel,M,119,3162.5,12,100,30,1145.0
1167,Savion,M,117,3195.5,10,60,18,1691.5
1168,Morris,M,112,3277.5,13,99,23,1397.0
1169,Lev,M,110,3320.5,18,94,22,1442.0
1170,Shea,M,106,3410.0,13,99,24,1358.0
1171,Yariel,M,105,3438.0,12,96,14,2029.5
1172,Denis,M,102,3517.5,10,102,20,1555.0
1173,Noam,M,101,3538.0,23,89,31,1118.0
1174,Nikita,M,100,3564.0,11,101,11,2421.5
1175,Dov,M,98,3616.0,38,74,55,679.0
1176,Dovid,M,98,3616.0,26,86,39,899.0
1177,Avrohom,M,95,3685.5,27,85,40,875.5
1178,Eitan,M,95,3685.5,13,99,22,1442.0
1179,Jakub,M,95,3685.5,11,101,14,2029.5
1180,Zayan,M,94,3716.0,18,50,23,1397.0
1181,Shia,M,93,3745.0,37,75,49,750.0
1182,Aryeh,M,91,3797.5,22,90,37,945.0
1183,Yakov,M,90,3822.0,45,68,67,581.0
1184,Akiva,M,86,3953.0,22,90,38,920.5
1185,Tenzin,M,86,3953.0,42,29,46,784.5
1186,Karas,M,84,4022.0,10,102,11,2421.5
1187,Filip,M,83,4055.0,11,101,11,2421.5
1188,Arham,M,79,4192.5,12,56,14,2029.5
1189,Shayan,M,77,4269.5,10,58,15,1926.0
1190,Yechiel,M,77,4269.5,39,73,58,653.5
1191,Gavriel,M,75,4354.0,17,95,20,1555.0
1192,Shalom,M,74,4400.0,14,98,20,1555.0
1193,Mendel,M,73,4441.5,38,74,57,664.5
1194,Yehoshua,M,70,4571.0,26,86,30,1145.0
1195,Rehan,M,69,4617.5,13,55,15,1926.0
1196,Alston,M,66,4765.5,13,55,14,2029.5
1197,Aahil,M,65,4821.5,14,54,18,1691.5
1198,Aharon,M,65,4821.5,21,91,28,1211.5
1199,Yisrael,M,62,4973.5,14,98,24,1358.0
1200,Arvin,M,61,5033.0,11,57,15,1926.0
1201,Shulem,M,60,5098.0,45,68,58,653.5
1202,Naftali,M,59,5161.5,22,90,34,1030.0
1203,Azaan,M,57,5289.0,10,58,12,2275.5
1204,Mayer,M,57,5289.0,29,83,38,920.5
1205,Kimi,M,53,5532.0,24,44,25,1318.0
1206,Simcha,M,53,5532.0,23,89,33,1064.0
1207,Adyan,M,52,5596.5,17,51,20,1555.0
1208,Baruch,M,51,5672.5,16,96,25,1318.0
1209,Mamadou,M,51,5672.5,23,47,25,1318.0
1210,Lipa,M,50,5742.5,39,73,50,740.0
1211,Shaya,M,50,5742.5,31,81,40,875.5
1212,Wolf,M,48,5898.5,12,100,18,1691.5
1213,Sholom,M,47,5987.5,16,96,23,1397.0
1214,Yitzchak,M,44,6282.0,15,97,21,1495.0
1215,Alpha,M,43,6386.5,16,54,16,1840.0
1216,Amadou,M,41,6603.5,15,55,18,1691.5
1217,Hershel,M,41,6603.5,18,94,30,1145.0
1218,Nosson,M,40,6711.0,11,101,19,1622.0
1219,Moussa,M,39,6832.5,16,54,17,1762.0
1220,Shmiel,M,38,6960.5,19,93,37,945.0
1221,Hersh,M,37,7102.0,22,90,31,1118.0
1222,Hershy,M,37,7102.0,21,91,37,945.0
1223,Efraim,M,36,7248.5,13,99,18,1691.5
1224,Binyamin,M,35,7403.0,11,101,13,2150.0
1225,Binyomin,M,34,7559.0,11,101,15,1926.0
1226,Hillel,M,33,7719.5,12,100,20,1555.0
1227,Lazer,M,33,7719.5,26,86,31,1118.0
1228,Moishe,M,33,7719.5,21,91,29,1177.5
1229,Oumar,M,33,7719.5,14,56,14,2029.5
1230,Boruch,M,32,7898.5,12,100,19,1622.0
1231,Elimelech,M,32,7898.5,16,96,21,1495.0
1232,Pinchas,M,32,7898.5,16,96,20,1555.0
1233,Ibrahima,M,31,8083.5,13,57,13,2150.0
1234,Usher,M,31,8083.5,20,92,28,1211.5
1235,Benzion,M,29,8474.0,18,94,23,1397.0
1236,Naftuli,M,29,8474.0,17,95,25,1318.0
1237,Mouhamed,M,28,8685.0,12,58,12,2275.5
1238,Shlome,M,28,8685.0,19,93,28,1211.5
1239,Abdoulaye,M,27,8916.0,14,56,13,2150.0
1240,Cheskel,M,25,9442.5,15,97,23,1397.0
1241,Yossi,M,25,9442.5,15,97,19,1622.0
1242,Menashe,M,24,9720.0,12,100,17,1762.0
1243,Mendy,M,24,9720.0,13,99,23,1397.0
1244,Avrum,M,23,10024.0,12,100,22,1442.0
1245,Shloimy,M,23,10024.0,16,96,20,1555.0
1246,Shraga,M,23,10024.0,10,102,13,2150.0
1247,Ahnaf,M,21,10701.5,11,57,11,2421.5
1248,Abdoul,M,20,11094.5,11,59,10,2586.0
1249,Berl,M,19,11526.5,12,100,18,1691.5
1250,Duvid,M,18,11989.5,16,96,18,1691.5
1251,Pinchus,M,17,12491.5,11,101,15,1926.0
1252,Shloime,M,15,13680.5,11,101,13,2150.0
1253,Yidel,M,15,13680.5,10,102,14,2029.5
1254,Berish,M,14,14392.5,10,102,14,2029.5
1255,Leibish,M,14,14392.5,12,100,14,2029.5
1256,Meilech,M,14,14392.5,12,100,14,2029.5
1257,Mordche,M,14,14392.5,10,102,14,2029.5
